date,theme,mention_count,avg_sentiment,discovery_signal
2025-10-01,Model Release,24,0.319,34
2025-10-01,Research Breakthrough,22,0.457,29
2025-10-01,Product Launch,19,0.232,25
2025-10-01,Policy & Regulation,11,0.092,15
2025-10-01,Funding/M&A,15,0.2,18
2025-10-01,Open-Source,13,0.444,23
2025-10-01,Safety Incident,6,-0.469,6
2025-10-02,Model Release,19,0.294,28
2025-10-02,Research Breakthrough,23,0.437,37
2025-10-02,Product Launch,19,0.421,26
2025-10-02,Policy & Regulation,12,-0.223,6
2025-10-02,Funding/M&A,12,0.015,15
2025-10-02,Open-Source,17,0.181,24
2025-10-02,Safety Incident,5,-0.466,4
2025-10-03,Model Release,22,0.497,37
2025-10-03,Research Breakthrough,19,0.597,34
2025-10-03,Product Launch,14,0.151,17
2025-10-03,Policy & Regulation,10,0.005,15
2025-10-03,Funding/M&A,10,-0.018,12
2025-10-03,Open-Source,17,0.491,29
2025-10-03,Safety Incident,7,-0.467,5
2025-10-04,Model Release,17,0.522,24
2025-10-04,Research Breakthrough,16,0.526,25
2025-10-04,Product Launch,16,0.385,29
2025-10-04,Policy & Regulation,10,-0.06,10
2025-10-04,Funding/M&A,9,0.351,12
2025-10-04,Open-Source,12,0.535,18
2025-10-04,Safety Incident,5,-0.781,4
2025-10-05,Model Release,17,0.425,29
2025-10-05,Research Breakthrough,16,0.527,26
2025-10-05,Product Launch,17,0.441,27
2025-10-05,Policy & Regulation,7,0.213,10
2025-10-05,Funding/M&A,13,0.175,20
2025-10-05,Open-Source,11,0.687,20
2025-10-05,Safety Incident,4,-0.653,4
2025-10-06,Model Release,27,0.497,46
2025-10-06,Research Breakthrough,10,0.608,18
2025-10-06,Product Launch,14,0.167,18
2025-10-06,Policy & Regulation,13,-0.14,12
2025-10-06,Funding/M&A,15,0.1,17
2025-10-06,Open-Source,14,0.177,18
2025-10-06,Safety Incident,4,-0.291,4
2025-10-07,Model Release,34,0.401,58
2025-10-07,Research Breakthrough,16,0.458,26
2025-10-07,Product Launch,23,-0.023,28
2025-10-07,Policy & Regulation,12,0.326,18
2025-10-07,Funding/M&A,14,0.086,14
2025-10-07,Open-Source,16,0.365,28
2025-10-07,Safety Incident,6,-0.392,4
2025-10-08,Model Release,24,0.397,39
2025-10-08,Research Breakthrough,25,0.472,35
2025-10-08,Product Launch,19,0.373,29
2025-10-08,Policy & Regulation,10,0.254,14
2025-10-08,Funding/M&A,15,0.409,24
2025-10-08,Open-Source,16,0.788,31
2025-10-08,Safety Incident,6,-0.43,7
2025-10-09,Model Release,26,0.443,45
2025-10-09,Research Breakthrough,19,0.169,25
2025-10-09,Product Launch,19,0.171,27
2025-10-09,Policy & Regulation,12,-0.129,13
2025-10-09,Funding/M&A,13,-0.087,14
2025-10-09,Open-Source,16,0.266,23
2025-10-09,Safety Incident,7,-0.554,7
2025-10-10,Model Release,26,0.222,36
2025-10-10,Research Breakthrough,18,0.888,31
2025-10-10,Product Launch,18,0.225,24
2025-10-10,Policy & Regulation,13,0.048,19
2025-10-10,Funding/M&A,11,0.243,14
2025-10-10,Open-Source,12,0.411,18
2025-10-10,Safety Incident,6,-0.829,7
2025-10-11,Model Release,19,0.664,31
2025-10-11,Research Breakthrough,17,1,33
2025-10-11,Product Launch,10,0.182,14
2025-10-11,Policy & Regulation,10,0.282,13
2025-10-11,Funding/M&A,7,0.102,10
2025-10-11,Open-Source,13,0.048,15
2025-10-11,Safety Incident,7,-0.067,8
2025-10-12,Model Release,21,0.127,23
2025-10-12,Research Breakthrough,16,0.571,28
2025-10-12,Product Launch,13,0.073,14
2025-10-12,Policy & Regulation,7,0.166,6
2025-10-12,Funding/M&A,10,0.261,16
2025-10-12,Open-Source,12,0.58,19
2025-10-12,Safety Incident,4,-0.571,5
2025-10-13,Model Release,26,0.438,53
2025-10-13,Research Breakthrough,18,0.592,31
2025-10-13,Product Launch,15,0.697,30
2025-10-13,Policy & Regulation,7,-0.022,8
2025-10-13,Funding/M&A,13,-0.063,9
2025-10-13,Open-Source,9,0.387,13
2025-10-13,Safety Incident,6,-0.589,4
2025-10-14,Model Release,18,0.409,28
2025-10-14,Research Breakthrough,24,0.622,41
2025-10-14,Product Launch,22,0.255,28
2025-10-14,Policy & Regulation,10,-0.055,7
2025-10-14,Funding/M&A,14,0.225,18
2025-10-14,Open-Source,14,0.467,26
2025-10-14,Safety Incident,7,-0.541,6
2025-10-15,Model Release,26,0.122,31
2025-10-15,Research Breakthrough,21,0.812,43
2025-10-15,Product Launch,21,0.152,28
2025-10-15,Policy & Regulation,9,0.106,11
2025-10-15,Funding/M&A,12,0.54,21
2025-10-15,Open-Source,11,0.5,17
2025-10-15,Safety Incident,7,-0.366,7
2025-10-16,Model Release,18,0.142,24
2025-10-16,Research Breakthrough,25,0.823,55
2025-10-16,Product Launch,12,0.419,15
2025-10-16,Policy & Regulation,14,0.096,14
2025-10-16,Funding/M&A,18,0.296,20
2025-10-16,Open-Source,17,0.268,24
2025-10-16,Safety Incident,6,-0.203,4
2025-10-17,Model Release,24,0.677,40
2025-10-17,Research Breakthrough,19,0.516,29
2025-10-17,Product Launch,18,0.297,23
2025-10-17,Policy & Regulation,13,0.192,16
2025-10-17,Funding/M&A,10,0.039,13
2025-10-17,Open-Source,13,0.483,20
2025-10-17,Safety Incident,6,-0.471,6
2025-10-18,Model Release,20,0.499,34
2025-10-18,Research Breakthrough,16,0.325,21
2025-10-18,Product Launch,12,0.103,16
2025-10-18,Policy & Regulation,9,0.333,16
2025-10-18,Funding/M&A,11,-0.099,10
2025-10-18,Open-Source,12,0.132,14
2025-10-18,Safety Incident,5,-0.533,4
2025-10-19,Model Release,17,0.672,30
2025-10-19,Research Breakthrough,13,0.413,22
2025-10-19,Product Launch,12,0.367,19
2025-10-19,Policy & Regulation,10,0.302,13
2025-10-19,Funding/M&A,13,0.037,14
2025-10-19,Open-Source,15,0.548,25
2025-10-19,Safety Incident,4,-0.349,3
2025-10-20,Model Release,19,0.233,26
2025-10-20,Research Breakthrough,11,0.545,18
2025-10-20,Product Launch,14,0.467,23
2025-10-20,Policy & Regulation,9,-0.071,10
2025-10-20,Funding/M&A,9,0.12,10
2025-10-20,Open-Source,14,0.438,22
2025-10-20,Safety Incident,7,-0.409,6
2025-10-21,Model Release,21,0.48,35
2025-10-21,Research Breakthrough,25,0.345,36
2025-10-21,Product Launch,18,0.264,25
2025-10-21,Policy & Regulation,9,0.198,13
2025-10-21,Funding/M&A,16,0.585,26
2025-10-21,Open-Source,16,0.402,29
2025-10-21,Safety Incident,5,-0.363,3
2025-10-22,Model Release,16,-0.014,14
2025-10-22,Research Breakthrough,24,0.324,33
2025-10-22,Product Launch,15,0.39,20
2025-10-22,Policy & Regulation,14,-0.129,12
2025-10-22,Funding/M&A,14,0.184,21
2025-10-22,Open-Source,16,0.183,19
2025-10-22,Safety Incident,6,-0.319,6
2025-10-23,Model Release,26,0.507,40
2025-10-23,Research Breakthrough,20,0.513,37
2025-10-23,Product Launch,18,0.217,21
2025-10-23,Policy & Regulation,13,-0.056,14
2025-10-23,Funding/M&A,10,0.368,13
2025-10-23,Open-Source,14,0.591,21
2025-10-23,Safety Incident,7,-0.437,5
2025-10-24,Model Release,28,0.62,40
2025-10-24,Research Breakthrough,13,0.625,20
2025-10-24,Product Launch,15,0.303,23
2025-10-24,Policy & Regulation,10,0.067,11
2025-10-24,Funding/M&A,15,0.091,19
2025-10-24,Open-Source,13,0.419,19
2025-10-24,Safety Incident,6,-0.632,6
2025-10-25,Model Release,26,0.394,42
2025-10-25,Research Breakthrough,19,0.647,34
2025-10-25,Product Launch,15,0.436,23
2025-10-25,Policy & Regulation,7,0.054,6
2025-10-25,Funding/M&A,11,0.254,17
2025-10-25,Open-Source,13,0.567,22
2025-10-25,Safety Incident,4,-0.704,3
2025-10-26,Model Release,15,0.464,23
2025-10-26,Research Breakthrough,18,0.493,31
2025-10-26,Product Launch,17,0.164,21
2025-10-26,Policy & Regulation,8,-0.242,8
2025-10-26,Funding/M&A,13,0.179,16
2025-10-26,Open-Source,15,-0.022,17
2025-10-26,Safety Incident,5,-0.553,6
2025-10-27,Model Release,27,0.303,38
2025-10-27,Research Breakthrough,17,0.388,22
2025-10-27,Product Launch,20,0.465,34
2025-10-27,Policy & Regulation,8,0.425,15
2025-10-27,Funding/M&A,12,0.017,12
2025-10-27,Open-Source,15,0.236,20
2025-10-27,Safety Incident,7,-0.721,8
2025-10-28,Model Release,33,0.127,33
2025-10-28,Research Breakthrough,20,0.294,27
2025-10-28,Product Launch,11,0.239,18
2025-10-28,Policy & Regulation,10,0.001,9
2025-10-28,Funding/M&A,15,0.139,23
2025-10-28,Open-Source,17,0.333,26
2025-10-28,Safety Incident,6,-0.691,6
2025-10-29,Model Release,26,0.38,40
2025-10-29,Research Breakthrough,19,0.556,36
2025-10-29,Product Launch,15,0.593,25
2025-10-29,Policy & Regulation,11,0.487,18
2025-10-29,Funding/M&A,17,0.327,20
2025-10-29,Open-Source,16,0.305,19
2025-10-29,Safety Incident,5,-0.432,5
2025-10-30,Model Release,28,0.295,36
2025-10-30,Research Breakthrough,18,0.38,24
2025-10-30,Product Launch,18,0.276,22
2025-10-30,Policy & Regulation,12,-0.087,12
2025-10-30,Funding/M&A,15,0.212,21
2025-10-30,Open-Source,12,0.332,18
2025-10-30,Safety Incident,8,-0.738,7
2025-10-31,Model Release,28,0.318,39
2025-10-31,Research Breakthrough,20,0.524,35
2025-10-31,Product Launch,16,0.307,21
2025-10-31,Policy & Regulation,10,0.276,13
2025-10-31,Funding/M&A,12,0.092,16
2025-10-31,Open-Source,12,0.564,18
2025-10-31,Safety Incident,5,-0.413,5
2025-11-01,Model Release,22,0.541,35
2025-11-01,Research Breakthrough,18,0.316,29
2025-11-01,Product Launch,16,0.377,24
2025-11-01,Policy & Regulation,8,-0.009,9
2025-11-01,Funding/M&A,11,0.202,12
2025-11-01,Open-Source,13,0.275,16
2025-11-01,Safety Incident,5,-0.784,5
2025-11-02,Model Release,25,0.34,32
2025-11-02,Research Breakthrough,13,0.453,15
2025-11-02,Product Launch,15,0.4,22
2025-11-02,Policy & Regulation,8,0.083,10
2025-11-02,Funding/M&A,13,0.183,15
2025-11-02,Open-Source,11,0.433,19
2025-11-02,Safety Incident,16,-0.639,12
2025-11-03,Model Release,15,0.409,20
2025-11-03,Research Breakthrough,14,0.124,15
2025-11-03,Product Launch,18,0.044,16
2025-11-03,Policy & Regulation,11,-0.011,13
2025-11-03,Funding/M&A,14,0.178,15
2025-11-03,Open-Source,14,0.49,21
2025-11-03,Safety Incident,5,-0.252,4
2025-11-04,Model Release,26,0.353,42
2025-11-04,Research Breakthrough,22,0.42,36
2025-11-04,Product Launch,25,0.53,43
2025-11-04,Policy & Regulation,10,0.725,16
2025-11-04,Funding/M&A,13,0.054,18
2025-11-04,Open-Source,17,0.143,22
2025-11-04,Safety Incident,8,-0.507,6
2025-11-05,Model Release,24,0.271,33
2025-11-05,Research Breakthrough,19,0.612,30
2025-11-05,Product Launch,14,0.147,20
2025-11-05,Policy & Regulation,11,0.471,18
2025-11-05,Funding/M&A,11,0.03,13
2025-11-05,Open-Source,13,0.827,23
2025-11-05,Safety Incident,8,-0.187,7
2025-11-06,Model Release,23,0.301,33
2025-11-06,Research Breakthrough,24,0.49,33
2025-11-06,Product Launch,19,0.159,18
2025-11-06,Policy & Regulation,11,-0.208,11
2025-11-06,Funding/M&A,18,0.515,28
2025-11-06,Open-Source,15,0.524,27
2025-11-06,Safety Incident,7,-0.476,9
2025-11-07,Model Release,23,0.263,32
2025-11-07,Research Breakthrough,20,0.296,27
2025-11-07,Product Launch,13,0.23,21
2025-11-07,Policy & Regulation,12,0.033,12
2025-11-07,Funding/M&A,11,0.369,15
2025-11-07,Open-Source,18,0.153,22
2025-11-07,Safety Incident,8,-0.811,9
2025-11-08,Model Release,14,0.334,20
2025-11-08,Research Breakthrough,19,-0.088,14
2025-11-08,Product Launch,13,0.287,16
2025-11-08,Policy & Regulation,9,-0.164,8
2025-11-08,Funding/M&A,9,0.224,13
2025-11-08,Open-Source,16,0.282,21
2025-11-08,Safety Incident,6,-0.503,5
2025-11-09,Model Release,15,0.417,21
2025-11-09,Research Breakthrough,13,0.194,19
2025-11-09,Product Launch,14,0.487,23
2025-11-09,Policy & Regulation,6,-0.145,6
2025-11-09,Funding/M&A,9,-0.016,10
2025-11-09,Open-Source,12,0.218,15
2025-11-09,Safety Incident,5,-0.916,5
2025-11-10,Model Release,21,0.585,32
2025-11-10,Research Breakthrough,13,0.694,20
2025-11-10,Product Launch,15,0.388,22
2025-11-10,Policy & Regulation,8,0.084,9
2025-11-10,Funding/M&A,15,0.286,28
2025-11-10,Open-Source,10,0.396,13
2025-11-10,Safety Incident,7,-0.302,7
2025-11-11,Model Release,25,0.216,25
2025-11-11,Research Breakthrough,27,0.571,44
2025-11-11,Product Launch,22,0.415,37
2025-11-11,Policy & Regulation,9,-0.078,9
2025-11-11,Funding/M&A,15,0.352,20
2025-11-11,Open-Source,17,0.797,34
2025-11-11,Safety Incident,8,-0.453,8
2025-11-12,Model Release,35,0.369,58
2025-11-12,Research Breakthrough,19,0.586,35
2025-11-12,Product Launch,17,0.478,25
2025-11-12,Policy & Regulation,11,0.05,16
2025-11-12,Funding/M&A,15,0.348,20
2025-11-12,Open-Source,17,0.188,20
2025-11-12,Safety Incident,8,-0.457,9
2025-11-13,Model Release,27,0.314,43
2025-11-13,Research Breakthrough,19,0.206,29
2025-11-13,Product Launch,20,-0.11,20
2025-11-13,Policy & Regulation,12,0.364,16
2025-11-13,Funding/M&A,13,0.016,12
2025-11-13,Open-Source,15,0.142,16
2025-11-13,Safety Incident,6,-0.72,4
2025-11-14,Model Release,22,0.227,25
2025-11-14,Research Breakthrough,20,0.471,30
2025-11-14,Product Launch,15,0.567,26
2025-11-14,Policy & Regulation,12,-0.415,10
2025-11-14,Funding/M&A,21,0.103,26
2025-11-14,Open-Source,13,0.493,19
2025-11-14,Safety Incident,7,-0.73,6
2025-11-15,Model Release,24,0.446,37
2025-11-15,Research Breakthrough,23,0.405,33
2025-11-15,Product Launch,7,0.598,11
2025-11-15,Policy & Regulation,8,0.288,13
2025-11-15,Funding/M&A,11,-0.078,12
2025-11-15,Open-Source,11,0.189,16
2025-11-15,Safety Incident,3,-0.348,3
2025-11-16,Model Release,30,0.409,36
2025-11-16,Research Breakthrough,14,0.492,23
2025-11-16,Product Launch,18,-0.073,18
2025-11-16,Policy & Regulation,11,0.328,19
2025-11-16,Funding/M&A,10,0.378,17
2025-11-16,Open-Source,16,0.53,28
2025-11-16,Safety Incident,5,-0.711,5
2025-11-17,Model Release,23,0.345,31
2025-11-17,Research Breakthrough,17,0.522,25
2025-11-17,Product Launch,17,0.324,24
2025-11-17,Policy & Regulation,10,0.192,16
2025-11-17,Funding/M&A,11,0.402,18
2025-11-17,Open-Source,8,0.263,10
2025-11-17,Safety Incident,7,-0.416,7
2025-11-18,Model Release,31,0.188,36
2025-11-18,Research Breakthrough,18,0.449,28
2025-11-18,Product Launch,20,0.149,28
2025-11-18,Policy & Regulation,14,0.328,21
2025-11-18,Funding/M&A,15,0.301,22
2025-11-18,Open-Source,15,0.632,30
2025-11-18,Safety Incident,9,-0.444,9
2025-11-19,Model Release,30,0.35,46
2025-11-19,Research Breakthrough,21,0.445,38
2025-11-19,Product Launch,20,0.292,30
2025-11-19,Policy & Regulation,13,0.102,16
2025-11-19,Funding/M&A,12,0.174,13
2025-11-19,Open-Source,17,0.187,24
2025-11-19,Safety Incident,8,-0.4,7
2025-11-20,Model Release,30,-0.004,28
2025-11-20,Research Breakthrough,21,0.542,34
2025-11-20,Product Launch,16,0.304,21
2025-11-20,Policy & Regulation,11,0.109,13
2025-11-20,Funding/M&A,17,0.3,26
2025-11-20,Open-Source,17,0.248,21
2025-11-20,Safety Incident,6,0.068,6
2025-11-21,Model Release,24,0.285,32
2025-11-21,Research Breakthrough,17,0.144,19
2025-11-21,Product Launch,13,0.257,16
2025-11-21,Policy & Regulation,10,0.089,11
2025-11-21,Funding/M&A,14,0.11,17
2025-11-21,Open-Source,11,0.518,17
2025-11-21,Safety Incident,7,-0.391,6
2025-11-22,Model Release,23,0.281,36
2025-11-22,Research Breakthrough,20,0.567,30
2025-11-22,Product Launch,12,0.161,15
2025-11-22,Policy & Regulation,11,-0.111,13
2025-11-22,Funding/M&A,11,-0.182,9
2025-11-22,Open-Source,6,0.265,8
2025-11-22,Safety Incident,5,-0.509,4
2025-11-23,Model Release,20,0.62,38
2025-11-23,Research Breakthrough,13,0.706,20
2025-11-23,Product Launch,13,0.555,17
2025-11-23,Policy & Regulation,11,-0.176,10
2025-11-23,Funding/M&A,11,0.485,16
2025-11-23,Open-Source,13,0.513,20
2025-11-23,Safety Incident,5,-0.461,5
2025-11-24,Model Release,28,0.18,34
2025-11-24,Research Breakthrough,20,0.45,30
2025-11-24,Product Launch,17,0.155,19
2025-11-24,Policy & Regulation,12,-0.147,14
2025-11-24,Funding/M&A,13,-0.05,14
2025-11-24,Open-Source,15,0.537,27
2025-11-24,Safety Incident,6,-0.577,5
2025-11-25,Model Release,25,0.216,34
2025-11-25,Research Breakthrough,22,0.392,30
2025-11-25,Product Launch,20,0.19,23
2025-11-25,Policy & Regulation,13,0.002,12
2025-11-25,Funding/M&A,16,0.332,23
2025-11-25,Open-Source,17,0.495,27
2025-11-25,Safety Incident,8,-0.152,8
2025-11-26,Model Release,31,0.507,48
2025-11-26,Research Breakthrough,18,0.643,27
2025-11-26,Product Launch,24,0.437,38
2025-11-26,Policy & Regulation,13,0.365,17
2025-11-26,Funding/M&A,12,0.072,14
2025-11-26,Open-Source,14,0.428,22
2025-11-26,Safety Incident,7,-0.161,5
2025-11-27,Model Release,24,0.418,36
2025-11-27,Research Breakthrough,23,0.369,30
2025-11-27,Product Launch,17,0.157,23
2025-11-27,Policy & Regulation,12,0.187,17
2025-11-27,Funding/M&A,17,0.342,27
2025-11-27,Open-Source,19,0.307,26
2025-11-27,Safety Incident,6,-0.397,5
2025-11-28,Model Release,27,0.445,36
2025-11-28,Research Breakthrough,16,0.417,23
2025-11-28,Product Launch,17,0.072,20
2025-11-28,Policy & Regulation,8,-0.338,8
2025-11-28,Funding/M&A,10,0.079,10
2025-11-28,Open-Source,11,0.328,15
2025-11-28,Safety Incident,8,-0.369,7
2025-11-29,Model Release,26,0.551,45
2025-11-29,Research Breakthrough,16,0.663,32
2025-11-29,Product Launch,17,0.599,31
2025-11-29,Policy & Regulation,12,-0.146,9
2025-11-29,Funding/M&A,11,-0.121,10
2025-11-29,Open-Source,15,0.28,22
2025-11-29,Safety Incident,4,-0.539,4
2025-11-30,Model Release,24,0.402,42
2025-11-30,Research Breakthrough,21,0.322,34
2025-11-30,Product Launch,13,0.277,18
2025-11-30,Policy & Regulation,12,-0.153,12
2025-11-30,Funding/M&A,12,0.326,17
2025-11-30,Open-Source,16,0.272,25
2025-11-30,Safety Incident,6,-0.702,6
2025-12-01,Model Release,26,0.286,33
2025-12-01,Research Breakthrough,18,0.22,28
2025-12-01,Product Launch,14,0.161,20
2025-12-01,Policy & Regulation,12,0.18,18
2025-12-01,Funding/M&A,12,-0.008,15
2025-12-01,Open-Source,17,0.341,21
2025-12-01,Safety Incident,8,-0.346,6
2025-12-02,Model Release,32,0.091,36
2025-12-02,Research Breakthrough,18,0.365,24
2025-12-02,Product Launch,18,0.41,28
2025-12-02,Policy & Regulation,14,0.247,18
2025-12-02,Funding/M&A,15,0.277,24
2025-12-02,Open-Source,19,0.649,36
2025-12-02,Safety Incident,9,-0.771,9
2025-12-03,Model Release,54,0.36,75
2025-12-03,Research Breakthrough,21,0.555,37
2025-12-03,Product Launch,15,0.319,20
2025-12-03,Policy & Regulation,11,0.121,13
2025-12-03,Funding/M&A,13,0.042,15
2025-12-03,Open-Source,17,0.204,20
2025-12-03,Safety Incident,7,-0.377,5
2025-12-04,Model Release,31,0.202,53
2025-12-04,Research Breakthrough,19,0.338,28
2025-12-04,Product Launch,17,0.429,31
2025-12-04,Policy & Regulation,12,0.081,13
2025-12-04,Funding/M&A,14,0.438,23
2025-12-04,Open-Source,15,0.678,29
2025-12-04,Safety Incident,8,-0.569,7
2025-12-05,Model Release,22,0.434,33
2025-12-05,Research Breakthrough,12,0.647,21
2025-12-05,Product Launch,20,0.255,28
2025-12-05,Policy & Regulation,13,0.12,16
2025-12-05,Funding/M&A,19,0.15,24
2025-12-05,Open-Source,19,0.255,23
2025-12-05,Safety Incident,5,-0.354,5
2025-12-06,Model Release,26,0.106,35
2025-12-06,Research Breakthrough,21,0.462,33
2025-12-06,Product Launch,17,0.346,26
2025-12-06,Policy & Regulation,8,0.019,7
2025-12-06,Funding/M&A,13,0.275,18
2025-12-06,Open-Source,14,0.12,19
2025-12-06,Safety Incident,5,-0.427,5
2025-12-07,Model Release,20,0.566,34
2025-12-07,Research Breakthrough,17,0.58,25
2025-12-07,Product Launch,17,0.291,26
2025-12-07,Policy & Regulation,10,-0.015,11
2025-12-07,Funding/M&A,11,-0.031,11
2025-12-07,Open-Source,16,0.383,22
2025-12-07,Safety Incident,7,-0.784,4
2025-12-08,Model Release,26,0.383,39
2025-12-08,Research Breakthrough,16,0.453,21
2025-12-08,Product Launch,18,-0.011,19
2025-12-08,Policy & Regulation,12,-0.266,10
2025-12-08,Funding/M&A,14,0.459,19
2025-12-08,Open-Source,16,0.178,17
2025-12-08,Safety Incident,8,-0.33,6
2025-12-09,Model Release,31,0.466,49
2025-12-09,Research Breakthrough,29,0.589,36
2025-12-09,Product Launch,19,0.147,23
2025-12-09,Policy & Regulation,13,-0.067,11
2025-12-09,Funding/M&A,17,0.288,22
2025-12-09,Open-Source,19,0.522,34
2025-12-09,Safety Incident,7,-0.31,6
2025-12-10,Model Release,35,0.315,38
2025-12-10,Research Breakthrough,22,0.159,27
2025-12-10,Product Launch,19,0.208,21
2025-12-10,Policy & Regulation,11,-0.102,11
2025-12-10,Funding/M&A,17,0.308,23
2025-12-10,Open-Source,20,0.154,27
2025-12-10,Safety Incident,8,-0.407,8
2025-12-11,Model Release,27,0.494,43
2025-12-11,Research Breakthrough,30,0.425,51
2025-12-11,Product Launch,21,0.069,29
2025-12-11,Policy & Regulation,11,-0.352,11
2025-12-11,Funding/M&A,17,0.189,21
2025-12-11,Open-Source,21,0.528,32
2025-12-11,Safety Incident,9,-0.674,7
2025-12-12,Model Release,22,-0.046,19
2025-12-12,Research Breakthrough,23,0.282,30
2025-12-12,Product Launch,14,0.436,22
2025-12-12,Policy & Regulation,12,0.031,11
2025-12-12,Funding/M&A,11,0.331,16
2025-12-12,Open-Source,17,-0.169,19
2025-12-12,Safety Incident,6,-0.059,6
2025-12-13,Model Release,24,0.469,35
2025-12-13,Research Breakthrough,20,0.364,33
2025-12-13,Product Launch,18,0.369,24
2025-12-13,Policy & Regulation,10,0.104,9
2025-12-13,Funding/M&A,10,0.349,13
2025-12-13,Open-Source,17,0.287,24
2025-12-13,Safety Incident,5,-0.363,5
2025-12-14,Model Release,28,0.594,53
2025-12-14,Research Breakthrough,18,0.259,28
2025-12-14,Product Launch,12,0.201,17
2025-12-14,Policy & Regulation,11,0.337,16
2025-12-14,Funding/M&A,8,0.13,10
2025-12-14,Open-Source,12,0.654,21
2025-12-14,Safety Incident,5,-0.366,4
2025-12-15,Model Release,33,0.399,43
2025-12-15,Research Breakthrough,23,0.906,39
2025-12-15,Product Launch,20,0.367,30
2025-12-15,Policy & Regulation,12,0.139,14
2025-12-15,Funding/M&A,16,-0.063,21
2025-12-15,Open-Source,19,0.186,24
2025-12-15,Safety Incident,8,-0.538,7
2025-12-16,Model Release,29,0.56,45
2025-12-16,Research Breakthrough,22,0.577,36
2025-12-16,Product Launch,17,0.039,15
2025-12-16,Policy & Regulation,11,-0.26,9
2025-12-16,Funding/M&A,15,0.19,17
2025-12-16,Open-Source,15,0.221,17
2025-12-16,Safety Incident,7,-0.321,5
2025-12-17,Model Release,31,0.239,53
2025-12-17,Research Breakthrough,16,0.515,25
2025-12-17,Product Launch,18,0.337,26
2025-12-17,Policy & Regulation,12,0.127,15
2025-12-17,Funding/M&A,18,0.07,25
2025-12-17,Open-Source,17,0.044,21
2025-12-17,Safety Incident,8,-0.609,8
2025-12-18,Model Release,29,0.533,47
2025-12-18,Research Breakthrough,25,0.602,44
2025-12-18,Product Launch,17,0.446,26
2025-12-18,Policy & Regulation,37,0.136,50
2025-12-18,Funding/M&A,13,0.107,16
2025-12-18,Open-Source,14,0.189,18
2025-12-18,Safety Incident,8,-0.414,9
2025-12-19,Model Release,25,0.473,39
2025-12-19,Research Breakthrough,19,0.526,25
2025-12-19,Product Launch,17,0.165,19
2025-12-19,Policy & Regulation,8,-0.03,6
2025-12-19,Funding/M&A,15,0.137,15
2025-12-19,Open-Source,13,0.536,20
2025-12-19,Safety Incident,7,-0.516,6
2025-12-20,Model Release,17,0.342,23
2025-12-20,Research Breakthrough,27,0.442,40
2025-12-20,Product Launch,18,0.252,25
2025-12-20,Policy & Regulation,9,0.33,12
2025-12-20,Funding/M&A,12,0.384,17
2025-12-20,Open-Source,13,0.506,22
2025-12-20,Safety Incident,5,-0.417,4
2025-12-21,Model Release,21,0.233,32
2025-12-21,Research Breakthrough,23,0.949,47
2025-12-21,Product Launch,13,0.105,19
2025-12-21,Policy & Regulation,8,-0.007,8
2025-12-21,Funding/M&A,15,-0.002,19
2025-12-21,Open-Source,17,0.37,26
2025-12-21,Safety Incident,5,-0.466,4
2025-12-22,Model Release,17,0.425,27
2025-12-22,Research Breakthrough,14,0.226,17
2025-12-22,Product Launch,16,0.225,19
2025-12-22,Policy & Regulation,10,0.105,11
2025-12-22,Funding/M&A,13,0.139,17
2025-12-22,Open-Source,15,0.555,25
2025-12-22,Safety Incident,8,-0.226,5
2025-12-23,Model Release,35,0.671,57
2025-12-23,Research Breakthrough,22,0.416,35
2025-12-23,Product Launch,21,0.16,31
2025-12-23,Policy & Regulation,12,0.025,15
2025-12-23,Funding/M&A,19,0.088,25
2025-12-23,Open-Source,18,0.115,19
2025-12-23,Safety Incident,7,-0.541,6
2025-12-24,Model Release,31,0.58,54
2025-12-24,Research Breakthrough,31,0.436,51
2025-12-24,Product Launch,21,0.551,33
2025-12-24,Policy & Regulation,15,0.343,20
2025-12-24,Funding/M&A,15,0.271,20
2025-12-24,Open-Source,15,0.73,27
2025-12-24,Safety Incident,10,-0.542,9
2025-12-25,Model Release,34,0.313,43
2025-12-25,Research Breakthrough,20,0.529,31
2025-12-25,Product Launch,20,-0.126,18
2025-12-25,Policy & Regulation,14,-0.042,13
2025-12-25,Funding/M&A,13,0.193,20
2025-12-25,Open-Source,14,0.35,22
2025-12-25,Safety Incident,8,-0.467,7
2025-12-26,Model Release,27,0.332,30
2025-12-26,Research Breakthrough,17,0.129,24
2025-12-26,Product Launch,20,0.138,27
2025-12-26,Policy & Regulation,16,-0.062,20
2025-12-26,Funding/M&A,14,0.137,15
2025-12-26,Open-Source,14,0.329,15
2025-12-26,Safety Incident,8,-0.508,8
2025-12-27,Model Release,23,0.89,40
2025-12-27,Research Breakthrough,15,0.607,31
2025-12-27,Product Launch,13,0.609,20
2025-12-27,Policy & Regulation,13,0.064,19
2025-12-27,Funding/M&A,15,0.063,24
2025-12-27,Open-Source,11,0.344,19
2025-12-27,Safety Incident,5,-0.565,5
2025-12-28,Model Release,26,0.42,37
2025-12-28,Research Breakthrough,18,0.595,35
2025-12-28,Product Launch,17,0.054,20
2025-12-28,Policy & Regulation,10,0.287,11
2025-12-28,Funding/M&A,13,-0.012,17
2025-12-28,Open-Source,16,0.439,26
2025-12-28,Safety Incident,6,-0.328,5
2025-12-29,Model Release,30,0.361,33
2025-12-29,Research Breakthrough,18,0.753,37
2025-12-29,Product Launch,18,0.257,24
2025-12-29,Policy & Regulation,13,0.154,14
2025-12-29,Funding/M&A,14,0.402,19
2025-12-29,Open-Source,15,0.483,25
2025-12-29,Safety Incident,7,-0.545,6
2025-12-30,Model Release,33,0.427,50
2025-12-30,Research Breakthrough,18,0.284,27
2025-12-30,Product Launch,17,0.321,23
2025-12-30,Policy & Regulation,13,0.055,18
2025-12-30,Funding/M&A,16,0.127,16
2025-12-30,Open-Source,19,0.605,34
2025-12-30,Safety Incident,9,-0.364,6
2025-12-31,Model Release,31,0.444,51
2025-12-31,Research Breakthrough,21,0.469,34
2025-12-31,Product Launch,24,0.461,40
2025-12-31,Policy & Regulation,15,-0.135,12
2025-12-31,Funding/M&A,15,0.367,23
2025-12-31,Open-Source,19,0.13,19
2025-12-31,Safety Incident,9,-0.456,6
2026-01-01,Model Release,35,0.396,68
2026-01-01,Research Breakthrough,27,0.542,44
2026-01-01,Product Launch,21,0.262,24
2026-01-01,Policy & Regulation,16,0.099,13
2026-01-01,Funding/M&A,14,0.031,18
2026-01-01,Open-Source,17,0.668,26
2026-01-01,Safety Incident,7,-0.258,6
2026-01-02,Model Release,23,0.255,29
2026-01-02,Research Breakthrough,21,0.681,32
2026-01-02,Product Launch,17,0.283,24
2026-01-02,Policy & Regulation,14,0.072,15
2026-01-02,Funding/M&A,11,-0.148,10
2026-01-02,Open-Source,15,0.566,24
2026-01-02,Safety Incident,10,-0.464,8
2026-01-03,Model Release,26,0.175,34
2026-01-03,Research Breakthrough,11,0.602,19
2026-01-03,Product Launch,16,0.308,19
2026-01-03,Policy & Regulation,9,0.332,14
2026-01-03,Funding/M&A,10,0.256,14
2026-01-03,Open-Source,19,0.6,33
2026-01-03,Safety Incident,6,-0.129,6
2026-01-04,Model Release,21,0.13,23
2026-01-04,Research Breakthrough,17,0.618,32
2026-01-04,Product Launch,19,0.308,29
2026-01-04,Policy & Regulation,15,0.214,23
2026-01-04,Funding/M&A,8,0.046,8
2026-01-04,Open-Source,7,0.413,12
2026-01-04,Safety Incident,6,-0.415,5
2026-01-05,Model Release,26,0.401,34
2026-01-05,Research Breakthrough,24,0.135,31
2026-01-05,Product Launch,16,0.548,28
2026-01-05,Policy & Regulation,9,-0.386,7
2026-01-05,Funding/M&A,12,0.146,15
2026-01-05,Open-Source,17,0.154,17
2026-01-05,Safety Incident,7,-0.515,6
2026-01-06,Model Release,29,0.319,48
2026-01-06,Research Breakthrough,18,0.259,26
2026-01-06,Product Launch,25,0.243,29
2026-01-06,Policy & Regulation,11,0.097,11
2026-01-06,Funding/M&A,20,0.601,35
2026-01-06,Open-Source,19,0.379,31
2026-01-06,Safety Incident,8,-0.439,9
2026-01-07,Model Release,34,0.734,54
2026-01-07,Research Breakthrough,21,0.317,32
2026-01-07,Product Launch,19,0.388,25
2026-01-07,Policy & Regulation,14,0.463,25
2026-01-07,Funding/M&A,11,0.246,16
2026-01-07,Open-Source,16,0.202,22
2026-01-07,Safety Incident,8,-0.351,7
2026-01-08,Model Release,41,0.186,50
2026-01-08,Research Breakthrough,25,0.612,38
2026-01-08,Product Launch,24,0.018,27
2026-01-08,Policy & Regulation,14,-0.077,17
2026-01-08,Funding/M&A,10,0.048,10
2026-01-08,Open-Source,20,0.679,38
2026-01-08,Safety Incident,10,-0.85,9
2026-01-09,Model Release,22,0.283,31
2026-01-09,Research Breakthrough,20,0.728,31
2026-01-09,Product Launch,15,0.013,13
2026-01-09,Policy & Regulation,14,0.083,20
2026-01-09,Funding/M&A,16,0.192,18
2026-01-09,Open-Source,18,0.276,22
2026-01-09,Safety Incident,6,-0.428,7
2026-01-10,Model Release,25,0.57,42
2026-01-10,Research Breakthrough,16,0.97,37
2026-01-10,Product Launch,16,0.13,16
2026-01-10,Policy & Regulation,12,0.004,14
2026-01-10,Funding/M&A,12,0.259,18
2026-01-10,Open-Source,15,0.27,19
2026-01-10,Safety Incident,7,-0.643,7
2026-01-11,Model Release,28,0.342,37
2026-01-11,Research Breakthrough,12,0.278,14
2026-01-11,Product Launch,16,0.2,19
2026-01-11,Policy & Regulation,13,0.073,15
2026-01-11,Funding/M&A,13,0.367,16
2026-01-11,Open-Source,16,0.074,17
2026-01-11,Safety Incident,8,-0.326,8
2026-01-12,Model Release,29,0.604,43
2026-01-12,Research Breakthrough,19,0.489,36
2026-01-12,Product Launch,21,0.467,31
2026-01-12,Policy & Regulation,17,0.135,18
2026-01-12,Funding/M&A,18,-0.077,16
2026-01-12,Open-Source,15,0.224,21
2026-01-12,Safety Incident,8,-0.43,9
2026-01-13,Model Release,26,0.596,41
2026-01-13,Research Breakthrough,28,0.823,64
2026-01-13,Product Launch,20,0.071,24
2026-01-13,Policy & Regulation,14,-0.267,14
2026-01-13,Funding/M&A,13,0.44,22
2026-01-13,Open-Source,17,0.407,25
2026-01-13,Safety Incident,8,0.108,9
2026-01-14,Model Release,33,0.528,52
2026-01-14,Research Breakthrough,21,0.241,32
2026-01-14,Product Launch,22,0.365,27
2026-01-14,Policy & Regulation,15,0.101,17
2026-01-14,Funding/M&A,12,0.17,14
2026-01-14,Open-Source,18,0.411,26
2026-01-14,Safety Incident,9,-0.462,9
2026-01-15,Model Release,34,0.531,51
2026-01-15,Research Breakthrough,22,0.646,39
2026-01-15,Product Launch,24,0.414,35
2026-01-15,Policy & Regulation,16,0.004,20
2026-01-15,Funding/M&A,19,0.376,35
2026-01-15,Open-Source,14,0.301,19
2026-01-15,Safety Incident,8,-0.383,7
2026-01-16,Model Release,33,0.527,56
2026-01-16,Research Breakthrough,17,0.579,30
2026-01-16,Product Launch,19,0.285,30
2026-01-16,Policy & Regulation,12,-0.016,14
2026-01-16,Funding/M&A,14,0.333,19
2026-01-16,Open-Source,12,0.177,15
2026-01-16,Safety Incident,8,-0.307,5
2026-01-17,Model Release,28,0.334,36
2026-01-17,Research Breakthrough,25,0.528,44
2026-01-17,Product Launch,23,0.175,28
2026-01-17,Policy & Regulation,14,-0.185,13
2026-01-17,Funding/M&A,12,0.355,18
2026-01-17,Open-Source,12,0.575,22
2026-01-17,Safety Incident,5,-0.574,4
2026-01-18,Model Release,21,0.542,33
2026-01-18,Research Breakthrough,17,0.293,23
2026-01-18,Product Launch,20,0.415,25
2026-01-18,Policy & Regulation,10,0.164,12
2026-01-18,Funding/M&A,11,0.025,10
2026-01-18,Open-Source,14,0.332,22
2026-01-18,Safety Incident,7,-0.624,7
2026-01-19,Model Release,34,0.218,36
2026-01-19,Research Breakthrough,19,0.237,30
2026-01-19,Product Launch,14,0.221,22
2026-01-19,Policy & Regulation,14,-0.042,13
2026-01-19,Funding/M&A,13,0.137,19
2026-01-19,Open-Source,15,0.157,21
2026-01-19,Safety Incident,9,-0.491,9
2026-01-20,Model Release,33,0.133,40
2026-01-20,Research Breakthrough,20,0.366,27
2026-01-20,Product Launch,22,0.314,27
2026-01-20,Policy & Regulation,13,0.05,16
2026-01-20,Funding/M&A,15,-0.217,16
2026-01-20,Open-Source,22,0.685,41
2026-01-20,Safety Incident,9,-0.568,8
2026-01-21,Model Release,29,0.372,36
2026-01-21,Research Breakthrough,25,0.416,41
2026-01-21,Product Launch,21,0.197,30
2026-01-21,Policy & Regulation,13,0.002,13
2026-01-21,Funding/M&A,17,0.166,22
2026-01-21,Open-Source,19,-0.022,18
2026-01-21,Safety Incident,9,-0.268,9
2026-01-22,Model Release,38,0.31,54
2026-01-22,Research Breakthrough,22,0.402,30
2026-01-22,Product Launch,19,0.246,24
2026-01-22,Policy & Regulation,15,-0.277,14
2026-01-22,Funding/M&A,33,0.26,43
2026-01-22,Open-Source,17,0.577,28
2026-01-22,Safety Incident,11,-0.703,9
2026-01-23,Model Release,24,0.208,29
2026-01-23,Research Breakthrough,19,0.621,29
2026-01-23,Product Launch,20,0.021,21
2026-01-23,Policy & Regulation,15,0.133,19
2026-01-23,Funding/M&A,15,0.284,22
2026-01-23,Open-Source,19,0.213,25
2026-01-23,Safety Incident,8,-0.315,8
2026-01-24,Model Release,31,0.26,36
2026-01-24,Research Breakthrough,22,0.48,33
2026-01-24,Product Launch,16,0.202,23
2026-01-24,Policy & Regulation,13,0.106,17
2026-01-24,Funding/M&A,12,0.365,13
2026-01-24,Open-Source,11,0.393,16
2026-01-24,Safety Incident,6,-0.338,5
2026-01-25,Model Release,27,0.372,40
2026-01-25,Research Breakthrough,15,0.445,26
2026-01-25,Product Launch,18,0.453,28
2026-01-25,Policy & Regulation,8,-0.034,8
2026-01-25,Funding/M&A,15,0.384,23
2026-01-25,Open-Source,12,0.423,18
2026-01-25,Safety Incident,6,-0.672,6
2026-01-26,Model Release,29,0.495,40
2026-01-26,Research Breakthrough,17,1,33
2026-01-26,Product Launch,19,0.359,25
2026-01-26,Policy & Regulation,16,0.038,19
2026-01-26,Funding/M&A,17,0.038,18
2026-01-26,Open-Source,15,0.153,19
2026-01-26,Safety Incident,8,-0.417,8
2026-01-27,Model Release,37,0.411,55
2026-01-27,Research Breakthrough,27,0.355,45
2026-01-27,Product Launch,20,0.418,36
2026-01-27,Policy & Regulation,11,0.015,12
2026-01-27,Funding/M&A,19,0.107,31
2026-01-27,Open-Source,14,0.463,21
2026-01-27,Safety Incident,9,-0.552,7
2026-01-28,Model Release,26,0.369,32
2026-01-28,Research Breakthrough,19,0.496,30
2026-01-28,Product Launch,24,0.036,29
2026-01-28,Policy & Regulation,16,-0.004,16
2026-01-28,Funding/M&A,15,0.339,21
2026-01-28,Open-Source,20,0.351,34
2026-01-28,Safety Incident,9,-0.482,6
2026-01-29,Model Release,28,0.419,42
2026-01-29,Research Breakthrough,24,0.357,34
2026-01-29,Product Launch,19,0.333,27
2026-01-29,Policy & Regulation,18,-0.074,21
2026-01-29,Funding/M&A,13,0.096,14
2026-01-29,Open-Source,21,0.479,34
2026-01-29,Safety Incident,9,-0.645,10
2026-01-30,Model Release,35,0.344,51
2026-01-30,Research Breakthrough,22,0.448,33
2026-01-30,Product Launch,17,0.218,21
2026-01-30,Policy & Regulation,14,-0.009,14
2026-01-30,Funding/M&A,12,-0.09,15
2026-01-30,Open-Source,17,0.556,27
2026-01-30,Safety Incident,9,-0.424,10
2026-01-31,Model Release,48,0.342,65
2026-01-31,Research Breakthrough,19,0.52,35
2026-01-31,Product Launch,21,0.296,33
2026-01-31,Policy & Regulation,7,-0.035,8
2026-01-31,Funding/M&A,14,0.256,19
2026-01-31,Open-Source,13,0.256,21
2026-01-31,Safety Incident,8,-0.215,7
2026-02-01,Model Release,24,0.45,37
2026-02-01,Research Breakthrough,18,0.476,27
2026-02-01,Product Launch,14,0.236,16
2026-02-01,Policy & Regulation,13,0.201,15
2026-02-01,Funding/M&A,8,0.251,11
2026-02-01,Open-Source,14,0.16,14
2026-02-01,Safety Incident,9,-0.489,9
2026-02-02,Model Release,29,0.424,39
2026-02-02,Research Breakthrough,19,0.236,22
2026-02-02,Product Launch,16,-0.045,16
2026-02-02,Policy & Regulation,12,-0.164,11
2026-02-02,Funding/M&A,13,0.029,19
2026-02-02,Open-Source,18,0.602,30
2026-02-02,Safety Incident,9,-0.312,7
2026-02-03,Model Release,31,0.875,59
2026-02-03,Research Breakthrough,25,0.441,42
2026-02-03,Product Launch,18,0.099,25
2026-02-03,Policy & Regulation,16,-0.396,14
2026-02-03,Funding/M&A,15,0.308,22
2026-02-03,Open-Source,19,0.416,30
2026-02-03,Safety Incident,8,-0.597,6
2026-02-04,Model Release,29,0.492,51
2026-02-04,Research Breakthrough,26,0.372,36
2026-02-04,Product Launch,20,0.48,33
2026-02-04,Policy & Regulation,18,-0.125,17
2026-02-04,Funding/M&A,13,-0.075,13
2026-02-04,Open-Source,17,0.308,20
2026-02-04,Safety Incident,9,-0.501,9
2026-02-05,Model Release,36,0.114,46
2026-02-05,Research Breakthrough,22,0.756,41
2026-02-05,Product Launch,20,0.207,22
2026-02-05,Policy & Regulation,18,0.431,23
2026-02-05,Funding/M&A,15,0.16,18
2026-02-05,Open-Source,21,0.625,35
2026-02-05,Safety Incident,11,-0.444,10
2026-02-06,Model Release,31,0.216,48
2026-02-06,Research Breakthrough,23,0.416,34
2026-02-06,Product Launch,16,0.327,20
2026-02-06,Policy & Regulation,13,-0.043,15
2026-02-06,Funding/M&A,16,0.322,22
2026-02-06,Open-Source,14,0.346,20
2026-02-06,Safety Incident,8,-0.552,6
2026-02-07,Model Release,27,0.595,53
2026-02-07,Research Breakthrough,21,0.302,34
2026-02-07,Product Launch,14,0.141,18
2026-02-07,Policy & Regulation,9,0.194,12
2026-02-07,Funding/M&A,13,0.032,16
2026-02-07,Open-Source,16,0.335,25
2026-02-07,Safety Incident,4,-0.385,4
2026-02-08,Model Release,24,0.382,37
2026-02-08,Research Breakthrough,16,0.458,25
2026-02-08,Product Launch,17,0.501,26
2026-02-08,Policy & Regulation,14,-0.185,13
2026-02-08,Funding/M&A,8,0.193,11
2026-02-08,Open-Source,19,0.409,27
2026-02-08,Safety Incident,8,-0.443,7
2026-02-09,Model Release,33,0.547,46
2026-02-09,Research Breakthrough,21,0.477,30
2026-02-09,Product Launch,14,0.268,18
2026-02-09,Policy & Regulation,12,0.025,13
2026-02-09,Funding/M&A,14,0.464,22
2026-02-09,Open-Source,21,0.624,39
2026-02-09,Safety Incident,7,-0.503,5
2026-02-10,Model Release,36,0.338,54
2026-02-10,Research Breakthrough,25,0.51,39
2026-02-10,Product Launch,18,0.2,25
2026-02-10,Policy & Regulation,37,0.039,47
2026-02-10,Funding/M&A,17,-0.085,17
2026-02-10,Open-Source,16,0.39,25
2026-02-10,Safety Incident,10,-0.151,9
2026-02-11,Model Release,33,0.453,56
2026-02-11,Research Breakthrough,20,0.604,36
2026-02-11,Product Launch,21,0.229,30
2026-02-11,Policy & Regulation,16,0.122,18
2026-02-11,Funding/M&A,12,0.163,15
2026-02-11,Open-Source,20,0.262,29
2026-02-11,Safety Incident,9,-0.583,9
2026-02-12,Model Release,33,0.225,45
2026-02-12,Research Breakthrough,24,0.317,36
2026-02-12,Product Launch,21,0.144,21
2026-02-12,Policy & Regulation,16,0.068,19
2026-02-12,Funding/M&A,19,-0.268,21
2026-02-12,Open-Source,22,0.224,32
2026-02-12,Safety Incident,8,-0.638,7
2026-02-13,Model Release,37,0.415,56
2026-02-13,Research Breakthrough,24,0.368,41
2026-02-13,Product Launch,23,0.357,31
2026-02-13,Policy & Regulation,15,0.103,19
2026-02-13,Funding/M&A,16,0.259,20
2026-02-13,Open-Source,20,0.45,32
2026-02-13,Safety Incident,9,-0.394,9
2026-02-14,Model Release,28,0.318,37
2026-02-14,Research Breakthrough,17,0.428,28
2026-02-14,Product Launch,16,0.26,22
2026-02-14,Policy & Regulation,13,0.167,20
2026-02-14,Funding/M&A,9,0.139,12
2026-02-14,Open-Source,10,0.713,18
2026-02-14,Safety Incident,6,-0.275,3
2026-02-15,Model Release,28,0.172,36
2026-02-15,Research Breakthrough,20,0.623,36
2026-02-15,Product Launch,23,0.291,31
2026-02-15,Policy & Regulation,14,0.038,17
2026-02-15,Funding/M&A,4,0.262,5
2026-02-15,Open-Source,13,0.282,20
2026-02-15,Safety Incident,5,0.117,7
2026-02-16,Model Release,32,0.692,59
2026-02-16,Research Breakthrough,18,0.665,27
2026-02-16,Product Launch,20,0.496,34
2026-02-16,Policy & Regulation,11,0.087,13
2026-02-16,Funding/M&A,12,-0.236,9
2026-02-16,Open-Source,15,0.603,32
2026-02-16,Safety Incident,9,-0.592,8
2026-02-17,Model Release,39,0.46,63
2026-02-17,Research Breakthrough,25,0.696,53
2026-02-17,Product Launch,21,0.309,31
2026-02-17,Policy & Regulation,15,-0.345,15
2026-02-17,Funding/M&A,14,0.417,22
2026-02-17,Open-Source,22,0.246,33
2026-02-17,Safety Incident,7,-0.281,6
2026-02-18,Model Release,39,0.286,58
2026-02-18,Research Breakthrough,26,0.549,45
2026-02-18,Product Launch,26,0.179,39
2026-02-18,Policy & Regulation,15,0.267,26
2026-02-18,Funding/M&A,14,-0.208,13
2026-02-18,Open-Source,17,0.305,23
2026-02-18,Safety Incident,9,-0.192,10
2026-02-19,Model Release,40,0.766,70
2026-02-19,Research Breakthrough,16,0.844,32
2026-02-19,Product Launch,21,-0.045,18
2026-02-19,Policy & Regulation,17,0.024,14
2026-02-19,Funding/M&A,14,0.369,23
2026-02-19,Open-Source,19,0.91,41
2026-02-19,Safety Incident,11,-0.21,11
2026-02-20,Model Release,25,0.062,26
2026-02-20,Research Breakthrough,22,0.48,36
2026-02-20,Product Launch,18,0.366,29
2026-02-20,Policy & Regulation,14,-0.002,10
2026-02-20,Funding/M&A,16,0.041,16
2026-02-20,Open-Source,18,0.565,32
2026-02-20,Safety Incident,9,-0.647,8
2026-02-21,Model Release,25,0.661,47
2026-02-21,Research Breakthrough,18,0.631,32
2026-02-21,Product Launch,16,0.364,25
2026-02-21,Policy & Regulation,12,-0.175,12
2026-02-21,Funding/M&A,12,-0.026,12
2026-02-21,Open-Source,14,0.405,22
2026-02-21,Safety Incident,7,-0.369,6
2026-02-22,Model Release,30,0.423,48
2026-02-22,Research Breakthrough,23,0.429,30
2026-02-22,Product Launch,16,0.426,24
2026-02-22,Policy & Regulation,13,-0.26,10
2026-02-22,Funding/M&A,14,0.32,18
2026-02-22,Open-Source,15,0.272,18
2026-02-22,Safety Incident,7,-0.411,7
2026-02-23,Model Release,34,0.652,64
2026-02-23,Research Breakthrough,20,0.649,31
2026-02-23,Product Launch,19,0.47,32
2026-02-23,Policy & Regulation,15,0.394,21
2026-02-23,Funding/M&A,16,0.163,23
2026-02-23,Open-Source,16,0.541,30
2026-02-23,Safety Incident,9,-0.488,8
2026-02-24,Model Release,33,0.537,61
2026-02-24,Research Breakthrough,23,0.154,27
2026-02-24,Product Launch,23,0.11,21
2026-02-24,Policy & Regulation,15,-0.317,14
2026-02-24,Funding/M&A,15,0.191,22
2026-02-24,Open-Source,16,0.013,18
2026-02-24,Safety Incident,10,-0.707,8
2026-02-25,Model Release,34,0.355,46
2026-02-25,Research Breakthrough,33,0.433,52
2026-02-25,Product Launch,20,-0.196,22
2026-02-25,Policy & Regulation,10,0.294,12
2026-02-25,Funding/M&A,13,0.16,21
2026-02-25,Open-Source,20,0.366,27
2026-02-25,Safety Incident,10,-0.517,10
2026-02-26,Model Release,28,0.445,45
2026-02-26,Research Breakthrough,20,0.294,27
2026-02-26,Product Launch,20,0.332,24
2026-02-26,Policy & Regulation,14,0.431,20
2026-02-26,Funding/M&A,15,0.148,18
2026-02-26,Open-Source,22,0.297,34
2026-02-26,Safety Incident,8,-0.311,7
2026-02-27,Model Release,30,0.334,45
2026-02-27,Research Breakthrough,17,0.305,29
2026-02-27,Product Launch,20,0.215,28
2026-02-27,Policy & Regulation,14,-0.355,13
2026-02-27,Funding/M&A,14,0.243,17
2026-02-27,Open-Source,16,0.606,27
2026-02-27,Safety Incident,8,-0.384,7
2026-02-28,Model Release,32,0.319,47
2026-02-28,Research Breakthrough,17,0.255,25
2026-02-28,Product Launch,17,0.395,27
2026-02-28,Policy & Regulation,10,0.072,9
2026-02-28,Funding/M&A,14,-0.015,16
2026-02-28,Open-Source,16,0.303,22
2026-02-28,Safety Incident,23,-0.748,23
2026-03-01,Model Release,28,0.521,38
2026-03-01,Research Breakthrough,19,0.679,38
2026-03-01,Product Launch,15,0.23,24
2026-03-01,Policy & Regulation,10,0.042,12
2026-03-01,Funding/M&A,13,0.012,16
2026-03-01,Open-Source,17,0.727,29
2026-03-01,Safety Incident,7,-0.253,8
2026-03-02,Model Release,31,0.075,35
2026-03-02,Research Breakthrough,24,0.602,45
2026-03-02,Product Launch,24,0.202,28
2026-03-02,Policy & Regulation,12,0.028,15
2026-03-02,Funding/M&A,18,0.219,24
2026-03-02,Open-Source,16,0.621,26
2026-03-02,Safety Incident,8,-0.464,7
2026-03-03,Model Release,43,0.189,71
2026-03-03,Research Breakthrough,22,0.332,29
2026-03-03,Product Launch,23,0.277,36
2026-03-03,Policy & Regulation,15,-0.251,13
2026-03-03,Funding/M&A,17,-0.085,17
2026-03-03,Open-Source,20,0.255,25
2026-03-03,Safety Incident,8,-0.476,8
2026-03-04,Model Release,47,0.56,69
2026-03-04,Research Breakthrough,19,0.46,34
2026-03-04,Product Launch,24,0.185,34
2026-03-04,Policy & Regulation,19,0.313,24
2026-03-04,Funding/M&A,17,-0.051,16
2026-03-04,Open-Source,16,0.353,20
2026-03-04,Safety Incident,10,-0.452,8
2026-03-05,Model Release,38,0.626,68
2026-03-05,Research Breakthrough,23,0.429,35
2026-03-05,Product Launch,20,-0.028,20
2026-03-05,Policy & Regulation,18,-0.099,13
2026-03-05,Funding/M&A,34,0.379,42
2026-03-05,Open-Source,19,0.474,31
2026-03-05,Safety Incident,10,-0.341,7
2026-03-06,Model Release,34,0.598,57
2026-03-06,Research Breakthrough,22,0.297,35
2026-03-06,Product Launch,17,0.577,28
2026-03-06,Policy & Regulation,15,-0.046,20
2026-03-06,Funding/M&A,10,0.246,10
2026-03-06,Open-Source,13,0.741,26
2026-03-06,Safety Incident,6,-0.451,5
2026-03-07,Model Release,31,0.683,58
2026-03-07,Research Breakthrough,20,0.571,30
2026-03-07,Product Launch,19,0.446,28
2026-03-07,Policy & Regulation,11,0.311,16
2026-03-07,Funding/M&A,10,0.104,11
2026-03-07,Open-Source,15,0.387,22
2026-03-07,Safety Incident,9,-0.3,10
2026-03-08,Model Release,22,0.37,36
2026-03-08,Research Breakthrough,21,0.358,28
2026-03-08,Product Launch,20,0.242,29
2026-03-08,Policy & Regulation,13,0.029,15
2026-03-08,Funding/M&A,11,0.486,18
2026-03-08,Open-Source,18,0.305,24
2026-03-08,Safety Incident,7,-0.605,7
2026-03-09,Model Release,34,0.258,45
2026-03-09,Research Breakthrough,22,0.345,30
2026-03-09,Product Launch,23,0.146,27
2026-03-09,Policy & Regulation,19,-0.333,14
2026-03-09,Funding/M&A,18,0.106,23
2026-03-09,Open-Source,22,0.271,28
2026-03-09,Safety Incident,9,-0.464,7
2026-03-10,Model Release,36,0.111,46
2026-03-10,Research Breakthrough,27,0.451,41
2026-03-10,Product Launch,23,0.183,28
2026-03-10,Policy & Regulation,16,0.315,23
2026-03-10,Funding/M&A,16,0.15,19
2026-03-10,Open-Source,17,0.235,25
2026-03-10,Safety Incident,9,-0.433,7
2026-03-11,Model Release,31,0.266,49
2026-03-11,Research Breakthrough,23,0.358,32
2026-03-11,Product Launch,21,0.321,29
2026-03-11,Policy & Regulation,16,-0.038,18
2026-03-11,Funding/M&A,17,0.218,24
2026-03-11,Open-Source,19,0.618,34
2026-03-11,Safety Incident,11,-0.464,10
2026-03-12,Model Release,34,0.353,54
2026-03-12,Research Breakthrough,23,0.749,43
2026-03-12,Product Launch,26,0.091,30
2026-03-12,Policy & Regulation,15,0.232,21
2026-03-12,Funding/M&A,16,0.098,19
2026-03-12,Open-Source,21,0.55,34
2026-03-12,Safety Incident,9,-0.432,8
2026-03-13,Model Release,33,0.268,54
2026-03-13,Research Breakthrough,19,0.752,39
2026-03-13,Product Launch,22,0.617,40
2026-03-13,Policy & Regulation,14,-0.044,13
2026-03-13,Funding/M&A,16,-0.087,13
2026-03-13,Open-Source,20,0.582,35
2026-03-13,Safety Incident,9,-0.311,8
2026-03-14,Model Release,23,0.581,40
2026-03-14,Research Breakthrough,15,0.506,23
2026-03-14,Product Launch,17,0.221,24
2026-03-14,Policy & Regulation,12,-0.158,13
2026-03-14,Funding/M&A,14,-0.077,15
2026-03-14,Open-Source,17,0.373,26
2026-03-14,Safety Incident,7,-0.765,7
2026-03-15,Model Release,52,0.427,78
2026-03-15,Research Breakthrough,18,0.509,29
2026-03-15,Product Launch,20,0.204,22
2026-03-15,Policy & Regulation,13,-0.185,7
2026-03-15,Funding/M&A,10,0.101,11
2026-03-15,Open-Source,11,0.36,18
2026-03-15,Safety Incident,8,-0.449,8
2026-03-16,Model Release,30,0.191,42
2026-03-16,Research Breakthrough,18,0.54,29
2026-03-16,Product Launch,18,0.198,26
2026-03-16,Policy & Regulation,11,0.098,13
2026-03-16,Funding/M&A,13,0.187,17
2026-03-16,Open-Source,16,0.444,28
2026-03-16,Safety Incident,8,-0.375,5
2026-03-17,Model Release,39,0.014,47
2026-03-17,Research Breakthrough,23,0.51,32
2026-03-17,Product Launch,22,0.428,36
2026-03-17,Policy & Regulation,17,0.049,22
2026-03-17,Funding/M&A,18,0.068,19
2026-03-17,Open-Source,17,0.394,22
2026-03-17,Safety Incident,7,-0.489,7
2026-03-18,Model Release,38,0.545,55
2026-03-18,Research Breakthrough,23,0.22,31
2026-03-18,Product Launch,22,0.193,29
2026-03-18,Policy & Regulation,15,-0.134,18
2026-03-18,Funding/M&A,18,0.147,18
2026-03-18,Open-Source,19,0.503,31
2026-03-18,Safety Incident,11,-0.229,10
2026-03-19,Model Release,35,0.261,45
2026-03-19,Research Breakthrough,28,0.404,35
2026-03-19,Product Launch,23,0.262,30
2026-03-19,Policy & Regulation,13,0.261,19
2026-03-19,Funding/M&A,14,0.207,16
2026-03-19,Open-Source,16,0.022,20
2026-03-19,Safety Incident,11,-0.506,10
2026-03-20,Model Release,39,0.214,44
2026-03-20,Research Breakthrough,22,0.579,36
2026-03-20,Product Launch,15,0.142,20
2026-03-20,Policy & Regulation,16,-0.251,11
2026-03-20,Funding/M&A,12,0.175,19
2026-03-20,Open-Source,16,0.411,22
2026-03-20,Safety Incident,11,-0.558,9
2026-03-21,Model Release,30,0.112,40
2026-03-21,Research Breakthrough,19,0.328,25
2026-03-21,Product Launch,12,0.18,11
2026-03-21,Policy & Regulation,31,-0.039,30
2026-03-21,Funding/M&A,11,0.028,14
2026-03-21,Open-Source,19,0.369,31
2026-03-21,Safety Incident,7,-0.504,5
2026-03-22,Model Release,32,0.461,44
2026-03-22,Research Breakthrough,20,0.387,27
2026-03-22,Product Launch,17,-0.065,16
2026-03-22,Policy & Regulation,16,0.128,17
2026-03-22,Funding/M&A,14,0.196,17
2026-03-22,Open-Source,13,0.4,18
2026-03-22,Safety Incident,7,-0.317,7
2026-03-23,Model Release,27,0.266,43
2026-03-23,Research Breakthrough,27,0.547,51
2026-03-23,Product Launch,23,0.256,24
2026-03-23,Policy & Regulation,14,-0.181,13
2026-03-23,Funding/M&A,18,0.225,22
2026-03-23,Open-Source,14,0.047,12
2026-03-23,Safety Incident,10,-0.296,9
2026-03-24,Model Release,37,0.341,53
2026-03-24,Research Breakthrough,29,0.55,39
2026-03-24,Product Launch,25,-0.067,24
2026-03-24,Policy & Regulation,14,0.057,14
2026-03-24,Funding/M&A,13,-0.008,16
2026-03-24,Open-Source,19,0.52,35
2026-03-24,Safety Incident,10,-0.347,8
2026-03-25,Model Release,37,0.143,49
2026-03-25,Research Breakthrough,28,0.654,49
2026-03-25,Product Launch,25,0.254,32
2026-03-25,Policy & Regulation,18,0.181,29
2026-03-25,Funding/M&A,18,-0.018,17
2026-03-25,Open-Source,16,0.414,22
2026-03-25,Safety Incident,11,-0.502,11
2026-03-26,Model Release,38,0.412,52
2026-03-26,Research Breakthrough,25,0.403,37
2026-03-26,Product Launch,23,0.403,33
2026-03-26,Policy & Regulation,18,0.109,26
2026-03-26,Funding/M&A,9,0.064,12
2026-03-26,Open-Source,13,0.667,23
2026-03-26,Safety Incident,8,-0.319,6
2026-03-27,Model Release,29,0.614,48
2026-03-27,Research Breakthrough,19,0.841,40
2026-03-27,Product Launch,18,0.138,22
2026-03-27,Policy & Regulation,17,-0.127,13
2026-03-27,Funding/M&A,17,0.129,21
2026-03-27,Open-Source,18,0.33,19
2026-03-27,Safety Incident,8,-0.227,10
2026-03-28,Model Release,29,0.345,48
2026-03-28,Research Breakthrough,21,0.533,28
2026-03-28,Product Launch,16,0.319,19
2026-03-28,Policy & Regulation,12,0.358,17
2026-03-28,Funding/M&A,10,-0.16,9
2026-03-28,Open-Source,14,0.244,19
2026-03-28,Safety Incident,8,-0.419,8
2026-03-29,Model Release,25,0.235,32
2026-03-29,Research Breakthrough,19,0.658,31
2026-03-29,Product Launch,15,0.548,25
2026-03-29,Policy & Regulation,11,-0.006,10
2026-03-29,Funding/M&A,10,-0.06,9
2026-03-29,Open-Source,20,0.582,38
2026-03-29,Safety Incident,9,-0.474,9
2026-03-30,Model Release,33,0.158,36
2026-03-30,Research Breakthrough,25,0.261,35
2026-03-30,Product Launch,21,0.415,33
2026-03-30,Policy & Regulation,13,0.147,16
2026-03-30,Funding/M&A,12,-0.178,12
2026-03-30,Open-Source,13,0.093,19
2026-03-30,Safety Incident,7,-0.526,6
2026-03-31,Model Release,38,0.167,44
2026-03-31,Research Breakthrough,28,0.43,43
2026-03-31,Product Launch,16,0.177,22
2026-03-31,Policy & Regulation,16,-0.121,17
2026-03-31,Funding/M&A,18,0.24,23
2026-03-31,Open-Source,21,0.693,41
2026-03-31,Safety Incident,8,0.077,8
2026-04-01,Model Release,33,0.405,49
2026-04-01,Research Breakthrough,26,0.716,51
2026-04-01,Product Launch,20,0.293,31
2026-04-01,Policy & Regulation,19,0.252,28
2026-04-01,Funding/M&A,18,0.088,18
2026-04-01,Open-Source,21,0.318,34
2026-04-01,Safety Incident,9,-0.519,8
2026-04-02,Model Release,42,0.485,67
2026-04-02,Research Breakthrough,26,0.771,42
2026-04-02,Product Launch,24,0.474,42
2026-04-02,Policy & Regulation,19,-0.089,18
2026-04-02,Funding/M&A,18,0.074,21
2026-04-02,Open-Source,16,0.185,21
2026-04-02,Safety Incident,10,-0.587,9
2026-04-03,Model Release,34,0.303,49
2026-04-03,Research Breakthrough,22,0.435,34
2026-04-03,Product Launch,17,0.19,17
2026-04-03,Policy & Regulation,13,-0.164,11
2026-04-03,Funding/M&A,17,0.178,22
2026-04-03,Open-Source,15,0.452,27
2026-04-03,Safety Incident,9,-0.598,7
2026-04-04,Model Release,31,0.181,43
2026-04-04,Research Breakthrough,16,0.182,22
2026-04-04,Product Launch,14,0.389,23
2026-04-04,Policy & Regulation,12,0.087,17
2026-04-04,Funding/M&A,12,0.468,18
2026-04-04,Open-Source,13,0.418,20
2026-04-04,Safety Incident,9,-0.29,9
2026-04-05,Model Release,33,0.383,53
2026-04-05,Research Breakthrough,18,0.285,25
2026-04-05,Product Launch,25,0.425,35
2026-04-05,Policy & Regulation,16,-0.286,14
2026-04-05,Funding/M&A,14,0.059,15
2026-04-05,Open-Source,15,0.302,19
2026-04-05,Safety Incident,7,-0.731,5
2026-04-06,Model Release,33,0.531,51
2026-04-06,Research Breakthrough,18,0.769,31
2026-04-06,Product Launch,20,0.111,22
2026-04-06,Policy & Regulation,16,0.133,23
2026-04-06,Funding/M&A,16,0.208,22
2026-04-06,Open-Source,14,0.618,25
2026-04-06,Safety Incident,9,-0.342,6
2026-04-07,Model Release,34,0.374,51
2026-04-07,Research Breakthrough,27,0.499,42
2026-04-07,Product Launch,26,0.343,40
2026-04-07,Policy & Regulation,19,0.278,27
2026-04-07,Funding/M&A,18,0.228,27
2026-04-07,Open-Source,25,0.212,30
2026-04-07,Safety Incident,12,-0.416,10
2026-04-08,Model Release,36,0.519,61
2026-04-08,Research Breakthrough,32,0.464,54
2026-04-08,Product Launch,27,0.022,26
2026-04-08,Policy & Regulation,18,-0.053,18
2026-04-08,Funding/M&A,15,0.153,17
2026-04-08,Open-Source,16,0.469,25
2026-04-08,Safety Incident,11,-0.356,11
